iter	MCC_SumError	MCC_SumWeight	F1_TP	F1_TP+FP	F1_TP+FN	Accuracy_SumError	Accuracy_SumWeight	Precision_SumError	Precision_SumWeight	Recall_SumError	Recall_SumWeight
0	1161	375	41	55	55	96	430	1216	1632	55	96	55	430
1	1170	381	32	49	49	81	430	1219	1632	49	81	49	430
2	1175	385	27	45	45	72	430	1220	1632	45	72	45	430
3	1183	387	19	43	43	62	430	1226	1632	43	62	43	430
4	1183	388	19	42	42	61	430	1225	1632	42	61	42	430
5	1183	389	19	41	41	60	430	1224	1632	41	60	41	430
6	1183	391	19	39	39	58	430	1222	1632	39	58	39	430
7	1186	385	16	45	45	61	430	1231	1632	45	61	45	430
8	1182	394	20	36	36	56	430	1218	1632	36	56	36	430
9	1186	394	16	36	36	52	430	1222	1632	36	52	36	430
10	1182	394	20	36	36	56	430	1218	1632	36	56	36	430
11	1185	398	17	32	32	49	430	1217	1632	32	49	32	430
12	1188	401	14	29	29	43	430	1217	1632	29	43	29	430
13	1188	404	14	26	26	40	430	1214	1632	26	40	26	430
14	1188	402	14	28	28	42	430	1216	1632	28	42	28	430
15	1191	404	11	26	26	37	430	1217	1632	26	37	26	430
16	1191	403	11	27	27	38	430	1218	1632	27	38	27	430
17	1191	402	11	28	28	39	430	1219	1632	28	39	28	430
18	1191	402	11	28	28	39	430	1219	1632	28	39	28	430
19	1192	402	10	28	28	38	430	1220	1632	28	38	28	430
20	1191	402	11	28	28	39	430	1219	1632	28	39	28	430
21	1192	404	10	26	26	36	430	1218	1632	26	36	26	430
22	1191	403	11	27	27	38	430	1218	1632	27	38	27	430
23	1191	404	11	26	26	37	430	1217	1632	26	37	26	430
24	1191	405	11	25	25	36	430	1216	1632	25	36	25	430
25	1191	405	11	25	25	36	430	1216	1632	25	36	25	430
26	1191	407	11	23	23	34	430	1214	1632	23	34	23	430
27	1191	405	11	25	25	36	430	1216	1632	25	36	25	430
28	1191	405	11	25	25	36	430	1216	1632	25	36	25	430
29	1191	405	11	25	25	36	430	1216	1632	25	36	25	430
30	1192	405	10	25	25	35	430	1217	1632	25	35	25	430
31	1192	405	10	25	25	35	430	1217	1632	25	35	25	430
32	1192	405	10	25	25	35	430	1217	1632	25	35	25	430
33	1192	405	10	25	25	35	430	1217	1632	25	35	25	430
34	1192	405	10	25	25	35	430	1217	1632	25	35	25	430
35	1191	405	11	25	25	36	430	1216	1632	25	36	25	430
36	1191	405	11	25	25	36	430	1216	1632	25	36	25	430
37	1191	405	11	25	25	36	430	1216	1632	25	36	25	430
38	1193	404	9	26	26	35	430	1219	1632	26	35	26	430
39	1192	404	10	26	26	36	430	1218	1632	26	36	26	430
40	1191	404	11	26	26	37	430	1217	1632	26	37	26	430
41	1191	404	11	26	26	37	430	1217	1632	26	37	26	430
42	1190	404	12	26	26	38	430	1216	1632	26	38	26	430
43	1189	404	13	26	26	39	430	1215	1632	26	39	26	430
44	1190	401	12	29	29	41	430	1219	1632	29	41	29	430
45	1190	401	12	29	29	41	430	1219	1632	29	41	29	430
46	1190	400	12	30	30	42	430	1220	1632	30	42	30	430
47	1189	399	13	31	31	44	430	1220	1632	31	44	31	430
48	1189	400	13	30	30	43	430	1219	1632	30	43	30	430
49	1186	399	16	31	31	47	430	1217	1632	31	47	31	430
50	1187	399	15	31	31	46	430	1218	1632	31	46	31	430
51	1187	395	15	35	35	50	430	1222	1632	35	50	35	430
52	1188	393	14	37	37	51	430	1225	1632	37	51	37	430
53	1187	392	15	38	38	53	430	1225	1632	38	53	38	430
54	1188	390	14	40	40	54	430	1228	1632	40	54	40	430
55	1188	390	14	40	40	54	430	1228	1632	40	54	40	430
56	1188	390	14	40	40	54	430	1228	1632	40	54	40	430
57	1188	389	14	41	41	55	430	1229	1632	41	55	41	430
58	1188	389	14	41	41	55	430	1229	1632	41	55	41	430
59	1188	389	14	41	41	55	430	1229	1632	41	55	41	430
60	1188	389	14	41	41	55	430	1229	1632	41	55	41	430
61	1188	389	14	41	41	55	430	1229	1632	41	55	41	430
62	1188	389	14	41	41	55	430	1229	1632	41	55	41	430
63	1187	388	15	42	42	57	430	1229	1632	42	57	42	430
64	1187	389	15	41	41	56	430	1228	1632	41	56	41	430
65	1186	390	16	40	40	56	430	1226	1632	40	56	40	430
66	1186	388	16	42	42	58	430	1228	1632	42	58	42	430
67	1187	386	15	44	44	59	430	1231	1632	44	59	44	430
68	1185	388	17	42	42	59	430	1227	1632	42	59	42	430
69	1185	389	17	41	41	58	430	1226	1632	41	58	41	430
70	1185	389	17	41	41	58	430	1226	1632	41	58	41	430
71	1185	390	17	40	40	57	430	1225	1632	40	57	40	430
72	1184	389	18	41	41	59	430	1225	1632	41	59	41	430
73	1184	385	18	45	45	63	430	1229	1632	45	63	45	430
74	1184	386	18	44	44	62	430	1228	1632	44	62	44	430
75	1184	386	18	44	44	62	430	1228	1632	44	62	44	430
76	1185	385	17	45	45	62	430	1230	1632	45	62	45	430
77	1185	383	17	47	47	64	430	1232	1632	47	64	47	430
78	1185	381	17	49	49	66	430	1234	1632	49	66	49	430
79	1185	382	17	48	48	65	430	1233	1632	48	65	48	430
80	1182	382	20	48	48	68	430	1230	1632	48	68	48	430
81	1181	381	21	49	49	70	430	1230	1632	49	70	49	430
82	1182	381	20	49	49	69	430	1231	1632	49	69	49	430
83	1182	381	20	49	49	69	430	1231	1632	49	69	49	430
84	1181	380	21	50	50	71	430	1231	1632	50	71	50	430
85	1181	379	21	51	51	72	430	1232	1632	51	72	51	430
86	1181	379	21	51	51	72	430	1232	1632	51	72	51	430
87	1181	379	21	51	51	72	430	1232	1632	51	72	51	430
88	1181	379	21	51	51	72	430	1232	1632	51	72	51	430
89	1181	379	21	51	51	72	430	1232	1632	51	72	51	430
90	1180	379	22	51	51	73	430	1231	1632	51	73	51	430
91	1181	380	21	50	50	71	430	1231	1632	50	71	50	430
92	1180	380	22	50	50	72	430	1230	1632	50	72	50	430
93	1180	377	22	53	53	75	430	1233	1632	53	75	53	430
94	1179	376	23	54	54	77	430	1233	1632	54	77	54	430
95	1179	376	23	54	54	77	430	1233	1632	54	77	54	430
96	1179	375	23	55	55	78	430	1234	1632	55	78	55	430
97	1179	375	23	55	55	78	430	1234	1632	55	78	55	430
98	1178	375	24	55	55	79	430	1233	1632	55	79	55	430
99	1178	375	24	55	55	79	430	1233	1632	55	79	55	430
100	1178	375	24	55	55	79	430	1233	1632	55	79	55	430
101	1179	376	23	54	54	77	430	1233	1632	54	77	54	430
102	1179	375	23	55	55	78	430	1234	1632	55	78	55	430
103	1179	375	23	55	55	78	430	1234	1632	55	78	55	430
104	1179	375	23	55	55	78	430	1234	1632	55	78	55	430
105	1177	375	25	55	55	80	430	1232	1632	55	80	55	430
106	1177	374	25	56	56	81	430	1233	1632	56	81	56	430
107	1176	374	26	56	56	82	430	1232	1632	56	82	56	430
108	1176	374	26	56	56	82	430	1232	1632	56	82	56	430
109	1176	374	26	56	56	82	430	1232	1632	56	82	56	430
110	1176	374	26	56	56	82	430	1232	1632	56	82	56	430
111	1176	374	26	56	56	82	430	1232	1632	56	82	56	430
112	1177	374	25	56	56	81	430	1233	1632	56	81	56	430
113	1177	373	25	57	57	82	430	1234	1632	57	82	57	430
114	1177	372	25	58	58	83	430	1235	1632	58	83	58	430
115	1175	372	27	58	58	85	430	1233	1632	58	85	58	430
116	1175	372	27	58	58	85	430	1233	1632	58	85	58	430
117	1175	372	27	58	58	85	430	1233	1632	58	85	58	430
118	1175	372	27	58	58	85	430	1233	1632	58	85	58	430
119	1175	372	27	58	58	85	430	1233	1632	58	85	58	430
120	1175	370	27	60	60	87	430	1235	1632	60	87	60	430
121	1175	367	27	63	63	90	430	1238	1632	63	90	63	430
122	1174	368	28	62	62	90	430	1236	1632	62	90	62	430
123	1174	368	28	62	62	90	430	1236	1632	62	90	62	430
124	1174	367	28	63	63	91	430	1237	1632	63	91	63	430
125	1174	365	28	65	65	93	430	1239	1632	65	93	65	430
126	1175	364	27	66	66	93	430	1241	1632	66	93	66	430
127	1174	365	28	65	65	93	430	1239	1632	65	93	65	430
128	1175	364	27	66	66	93	430	1241	1632	66	93	66	430
129	1175	364	27	66	66	93	430	1241	1632	66	93	66	430
130	1174	364	28	66	66	94	430	1240	1632	66	94	66	430
131	1174	363	28	67	67	95	430	1241	1632	67	95	67	430
132	1174	364	28	66	66	94	430	1240	1632	66	94	66	430
133	1174	361	28	69	69	97	430	1243	1632	69	97	69	430
134	1174	361	28	69	69	97	430	1243	1632	69	97	69	430
135	1174	361	28	69	69	97	430	1243	1632	69	97	69	430
136	1173	360	29	70	70	99	430	1243	1632	70	99	70	430
137	1173	360	29	70	70	99	430	1243	1632	70	99	70	430
138	1172	359	30	71	71	101	430	1243	1632	71	101	71	430
139	1173	358	29	72	72	101	430	1245	1632	72	101	72	430
140	1173	358	29	72	72	101	430	1245	1632	72	101	72	430
141	1173	358	29	72	72	101	430	1245	1632	72	101	72	430
142	1172	358	30	72	72	102	430	1244	1632	72	102	72	430
143	1173	358	29	72	72	101	430	1245	1632	72	101	72	430
144	1172	358	30	72	72	102	430	1244	1632	72	102	72	430
145	1172	357	30	73	73	103	430	1245	1632	73	103	73	430
146	1172	358	30	72	72	102	430	1244	1632	72	102	72	430
147	1172	358	30	72	72	102	430	1244	1632	72	102	72	430
148	1172	358	30	72	72	102	430	1244	1632	72	102	72	430
149	1172	358	30	72	72	102	430	1244	1632	72	102	72	430
150	1171	358	31	72	72	103	430	1243	1632	72	103	72	430
151	1172	356	30	74	74	104	430	1246	1632	74	104	74	430
152	1171	356	31	74	74	105	430	1245	1632	74	105	74	430
153	1171	355	31	75	75	106	430	1246	1632	75	106	75	430
154	1173	356	29	74	74	103	430	1247	1632	74	103	74	430
155	1173	356	29	74	74	103	430	1247	1632	74	103	74	430
156	1171	354	31	76	76	107	430	1247	1632	76	107	76	430
157	1171	354	31	76	76	107	430	1247	1632	76	107	76	430
158	1171	354	31	76	76	107	430	1247	1632	76	107	76	430
159	1171	355	31	75	75	106	430	1246	1632	75	106	75	430
160	1170	355	32	75	75	107	430	1245	1632	75	107	75	430
161	1169	355	33	75	75	108	430	1244	1632	75	108	75	430
162	1169	355	33	75	75	108	430	1244	1632	75	108	75	430
163	1169	355	33	75	75	108	430	1244	1632	75	108	75	430
164	1168	354	34	76	76	110	430	1244	1632	76	110	76	430
165	1169	353	33	77	77	110	430	1246	1632	77	110	77	430
166	1169	353	33	77	77	110	430	1246	1632	77	110	77	430
167	1168	353	34	77	77	111	430	1245	1632	77	111	77	430
168	1168	353	34	77	77	111	430	1245	1632	77	111	77	430
169	1168	354	34	76	76	110	430	1244	1632	76	110	76	430
170	1168	354	34	76	76	110	430	1244	1632	76	110	76	430
171	1168	353	34	77	77	111	430	1245	1632	77	111	77	430
172	1168	354	34	76	76	110	430	1244	1632	76	110	76	430
173	1168	351	34	79	79	113	430	1247	1632	79	113	79	430
174	1168	351	34	79	79	113	430	1247	1632	79	113	79	430
175	1168	351	34	79	79	113	430	1247	1632	79	113	79	430
176	1168	351	34	79	79	113	430	1247	1632	79	113	79	430
177	1168	350	34	80	80	114	430	1248	1632	80	114	80	430
178	1168	350	34	80	80	114	430	1248	1632	80	114	80	430
179	1166	349	36	81	81	117	430	1247	1632	81	117	81	430
180	1166	348	36	82	82	118	430	1248	1632	82	118	82	430
181	1166	348	36	82	82	118	430	1248	1632	82	118	82	430
182	1166	348	36	82	82	118	430	1248	1632	82	118	82	430
183	1166	348	36	82	82	118	430	1248	1632	82	118	82	430
184	1165	348	37	82	82	119	430	1247	1632	82	119	82	430
185	1164	347	38	83	83	121	430	1247	1632	83	121	83	430
186	1164	347	38	83	83	121	430	1247	1632	83	121	83	430
187	1163	347	39	83	83	122	430	1246	1632	83	122	83	430
188	1163	347	39	83	83	122	430	1246	1632	83	122	83	430
189	1163	347	39	83	83	122	430	1246	1632	83	122	83	430
190	1163	347	39	83	83	122	430	1246	1632	83	122	83	430
191	1162	347	40	83	83	123	430	1245	1632	83	123	83	430
192	1162	343	40	87	87	127	430	1249	1632	87	127	87	430
193	1162	342	40	88	88	128	430	1250	1632	88	128	88	430
194	1162	343	40	87	87	127	430	1249	1632	87	127	87	430
195	1162	344	40	86	86	126	430	1248	1632	86	126	86	430
196	1162	345	40	85	85	125	430	1247	1632	85	125	85	430
197	1162	344	40	86	86	126	430	1248	1632	86	126	86	430
198	1162	343	40	87	87	127	430	1249	1632	87	127	87	430
199	1161	342	41	88	88	129	430	1249	1632	88	129	88	430
200	1161	341	41	89	89	130	430	1250	1632	89	130	89	430
201	1161	339	41	91	91	132	430	1252	1632	91	132	91	430
202	1161	339	41	91	91	132	430	1252	1632	91	132	91	430
203	1161	339	41	91	91	132	430	1252	1632	91	132	91	430
204	1161	339	41	91	91	132	430	1252	1632	91	132	91	430
205	1161	339	41	91	91	132	430	1252	1632	91	132	91	430
206	1161	338	41	92	92	133	430	1253	1632	92	133	92	430
207	1161	339	41	91	91	132	430	1252	1632	91	132	91	430
208	1161	338	41	92	92	133	430	1253	1632	92	133	92	430
209	1161	338	41	92	92	133	430	1253	1632	92	133	92	430
210	1160	339	42	91	91	133	430	1251	1632	91	133	91	430
211	1160	339	42	91	91	133	430	1251	1632	91	133	91	430
212	1160	336	42	94	94	136	430	1254	1632	94	136	94	430
213	1160	336	42	94	94	136	430	1254	1632	94	136	94	430
214	1160	337	42	93	93	135	430	1253	1632	93	135	93	430
215	1160	336	42	94	94	136	430	1254	1632	94	136	94	430
216	1159	335	43	95	95	138	430	1254	1632	95	138	95	430
217	1159	335	43	95	95	138	430	1254	1632	95	138	95	430
218	1158	333	44	97	97	141	430	1255	1632	97	141	97	430
219	1158	333	44	97	97	141	430	1255	1632	97	141	97	430
220	1157	332	45	98	98	143	430	1255	1632	98	143	98	430
221	1157	332	45	98	98	143	430	1255	1632	98	143	98	430
222	1157	332	45	98	98	143	430	1255	1632	98	143	98	430
223	1157	333	45	97	97	142	430	1254	1632	97	142	97	430
224	1157	334	45	96	96	141	430	1253	1632	96	141	96	430
225	1157	334	45	96	96	141	430	1253	1632	96	141	96	430
226	1157	334	45	96	96	141	430	1253	1632	96	141	96	430
227	1156	334	46	96	96	142	430	1252	1632	96	142	96	430
228	1156	333	46	97	97	143	430	1253	1632	97	143	97	430
229	1156	329	46	101	101	147	430	1257	1632	101	147	101	430
230	1155	329	47	101	101	148	430	1256	1632	101	148	101	430
231	1155	329	47	101	101	148	430	1256	1632	101	148	101	430
232	1155	327	47	103	103	150	430	1258	1632	103	150	103	430
233	1155	327	47	103	103	150	430	1258	1632	103	150	103	430
234	1155	328	47	102	102	149	430	1257	1632	102	149	102	430
235	1155	327	47	103	103	150	430	1258	1632	103	150	103	430
236	1155	327	47	103	103	150	430	1258	1632	103	150	103	430
237	1155	327	47	103	103	150	430	1258	1632	103	150	103	430
238	1155	325	47	105	105	152	430	1260	1632	105	152	105	430
239	1156	324	46	106	106	152	430	1262	1632	106	152	106	430
240	1156	324	46	106	106	152	430	1262	1632	106	152	106	430
241	1156	324	46	106	106	152	430	1262	1632	106	152	106	430
242	1156	324	46	106	106	152	430	1262	1632	106	152	106	430
243	1155	324	47	106	106	153	430	1261	1632	106	153	106	430
244	1155	324	47	106	106	153	430	1261	1632	106	153	106	430
245	1154	324	48	106	106	154	430	1260	1632	106	154	106	430
246	1153	324	49	106	106	155	430	1259	1632	106	155	106	430
247	1153	324	49	106	106	155	430	1259	1632	106	155	106	430
248	1153	324	49	106	106	155	430	1259	1632	106	155	106	430
249	1153	324	49	106	106	155	430	1259	1632	106	155	106	430
250	1153	324	49	106	106	155	430	1259	1632	106	155	106	430
251	1153	324	49	106	106	155	430	1259	1632	106	155	106	430
252	1153	324	49	106	106	155	430	1259	1632	106	155	106	430
253	1153	323	49	107	107	156	430	1260	1632	107	156	107	430
254	1153	323	49	107	107	156	430	1260	1632	107	156	107	430
255	1153	323	49	107	107	156	430	1260	1632	107	156	107	430
256	1153	323	49	107	107	156	430	1260	1632	107	156	107	430
257	1153	323	49	107	107	156	430	1260	1632	107	156	107	430
258	1153	323	49	107	107	156	430	1260	1632	107	156	107	430
259	1152	322	50	108	108	158	430	1260	1632	108	158	108	430
260	1152	322	50	108	108	158	430	1260	1632	108	158	108	430
261	1152	322	50	108	108	158	430	1260	1632	108	158	108	430
262	1152	322	50	108	108	158	430	1260	1632	108	158	108	430
263	1152	322	50	108	108	158	430	1260	1632	108	158	108	430
264	1152	321	50	109	109	159	430	1261	1632	109	159	109	430
265	1152	321	50	109	109	159	430	1261	1632	109	159	109	430
266	1152	321	50	109	109	159	430	1261	1632	109	159	109	430
267	1152	321	50	109	109	159	430	1261	1632	109	159	109	430
268	1152	321	50	109	109	159	430	1261	1632	109	159	109	430
269	1152	321	50	109	109	159	430	1261	1632	109	159	109	430
270	1152	321	50	109	109	159	430	1261	1632	109	159	109	430
271	1151	321	51	109	109	160	430	1260	1632	109	160	109	430
272	1151	321	51	109	109	160	430	1260	1632	109	160	109	430
273	1151	321	51	109	109	160	430	1260	1632	109	160	109	430
274	1151	320	51	110	110	161	430	1261	1632	110	161	110	430
275	1151	321	51	109	109	160	430	1260	1632	109	160	109	430
276	1151	321	51	109	109	160	430	1260	1632	109	160	109	430
277	1151	320	51	110	110	161	430	1261	1632	110	161	110	430
278	1152	321	50	109	109	159	430	1261	1632	109	159	109	430
279	1152	321	50	109	109	159	430	1261	1632	109	159	109	430
280	1152	320	50	110	110	160	430	1262	1632	110	160	110	430
281	1152	320	50	110	110	160	430	1262	1632	110	160	110	430
282	1152	320	50	110	110	160	430	1262	1632	110	160	110	430
283	1151	320	51	110	110	161	430	1261	1632	110	161	110	430
284	1151	320	51	110	110	161	430	1261	1632	110	161	110	430
285	1151	319	51	111	111	162	430	1262	1632	111	162	111	430
286	1151	320	51	110	110	161	430	1261	1632	110	161	110	430
287	1151	319	51	111	111	162	430	1262	1632	111	162	111	430
288	1151	319	51	111	111	162	430	1262	1632	111	162	111	430
289	1150	318	52	112	112	164	430	1262	1632	112	164	112	430
290	1150	318	52	112	112	164	430	1262	1632	112	164	112	430
291	1150	318	52	112	112	164	430	1262	1632	112	164	112	430
292	1149	318	53	112	112	165	430	1261	1632	112	165	112	430
293	1149	318	53	112	112	165	430	1261	1632	112	165	112	430
294	1149	318	53	112	112	165	430	1261	1632	112	165	112	430
295	1148	317	54	113	113	167	430	1261	1632	113	167	113	430
296	1148	317	54	113	113	167	430	1261	1632	113	167	113	430
297	1149	316	53	114	114	167	430	1263	1632	114	167	114	430
298	1148	316	54	114	114	168	430	1262	1632	114	168	114	430
299	1148	316	54	114	114	168	430	1262	1632	114	168	114	430
300	1148	316	54	114	114	168	430	1262	1632	114	168	114	430
301	1148	316	54	114	114	168	430	1262	1632	114	168	114	430
302	1148	316	54	114	114	168	430	1262	1632	114	168	114	430
303	1148	316	54	114	114	168	430	1262	1632	114	168	114	430
304	1148	316	54	114	114	168	430	1262	1632	114	168	114	430
305	1148	316	54	114	114	168	430	1262	1632	114	168	114	430
306	1148	315	54	115	115	169	430	1263	1632	115	169	115	430
307	1148	315	54	115	115	169	430	1263	1632	115	169	115	430
308	1148	314	54	116	116	170	430	1264	1632	116	170	116	430
309	1148	314	54	116	116	170	430	1264	1632	116	170	116	430
310	1148	314	54	116	116	170	430	1264	1632	116	170	116	430
311	1148	312	54	118	118	172	430	1266	1632	118	172	118	430
312	1148	313	54	117	117	171	430	1265	1632	117	171	117	430
313	1148	312	54	118	118	172	430	1266	1632	118	172	118	430
314	1149	311	53	119	119	172	430	1268	1632	119	172	119	430
315	1148	311	54	119	119	173	430	1267	1632	119	173	119	430
316	1148	311	54	119	119	173	430	1267	1632	119	173	119	430
317	1149	309	53	121	121	174	430	1270	1632	121	174	121	430
318	1148	309	54	121	121	175	430	1269	1632	121	175	121	430
319	1148	309	54	121	121	175	430	1269	1632	121	175	121	430
320	1148	309	54	121	121	175	430	1269	1632	121	175	121	430
321	1148	309	54	121	121	175	430	1269	1632	121	175	121	430
322	1148	309	54	121	121	175	430	1269	1632	121	175	121	430
323	1148	309	54	121	121	175	430	1269	1632	121	175	121	430
324	1148	309	54	121	121	175	430	1269	1632	121	175	121	430
325	1148	309	54	121	121	175	430	1269	1632	121	175	121	430
326	1148	309	54	121	121	175	430	1269	1632	121	175	121	430
327	1148	309	54	121	121	175	430	1269	1632	121	175	121	430
328	1148	309	54	121	121	175	430	1269	1632	121	175	121	430
329	1148	309	54	121	121	175	430	1269	1632	121	175	121	430
330	1148	309	54	121	121	175	430	1269	1632	121	175	121	430
331	1146	309	56	121	121	177	430	1267	1632	121	177	121	430
332	1148	309	54	121	121	175	430	1269	1632	121	175	121	430
333	1147	309	55	121	121	176	430	1268	1632	121	176	121	430
334	1147	308	55	122	122	177	430	1269	1632	122	177	122	430
335	1147	309	55	121	121	176	430	1268	1632	121	176	121	430
336	1146	308	56	122	122	178	430	1268	1632	122	178	122	430
337	1146	307	56	123	123	179	430	1269	1632	123	179	123	430
338	1146	307	56	123	123	179	430	1269	1632	123	179	123	430
339	1147	308	55	122	122	177	430	1269	1632	122	177	122	430
340	1146	308	56	122	122	178	430	1268	1632	122	178	122	430
341	1146	308	56	122	122	178	430	1268	1632	122	178	122	430
342	1147	308	55	122	122	177	430	1269	1632	122	177	122	430
343	1147	307	55	123	123	178	430	1270	1632	123	178	123	430
344	1147	307	55	123	123	178	430	1270	1632	123	178	123	430
345	1147	307	55	123	123	178	430	1270	1632	123	178	123	430
346	1147	307	55	123	123	178	430	1270	1632	123	178	123	430
347	1147	308	55	122	122	177	430	1269	1632	122	177	122	430
348	1147	308	55	122	122	177	430	1269	1632	122	177	122	430
349	1145	307	57	123	123	180	430	1268	1632	123	180	123	430
350	1145	307	57	123	123	180	430	1268	1632	123	180	123	430
351	1145	306	57	124	124	181	430	1269	1632	124	181	124	430
352	1145	306	57	124	124	181	430	1269	1632	124	181	124	430
353	1145	306	57	124	124	181	430	1269	1632	124	181	124	430
354	1145	306	57	124	124	181	430	1269	1632	124	181	124	430
355	1145	306	57	124	124	181	430	1269	1632	124	181	124	430
356	1146	306	56	124	124	180	430	1270	1632	124	180	124	430
357	1146	306	56	124	124	180	430	1270	1632	124	180	124	430
358	1145	306	57	124	124	181	430	1269	1632	124	181	124	430
359	1145	306	57	124	124	181	430	1269	1632	124	181	124	430
360	1145	306	57	124	124	181	430	1269	1632	124	181	124	430
361	1145	306	57	124	124	181	430	1269	1632	124	181	124	430
362	1145	306	57	124	124	181	430	1269	1632	124	181	124	430
363	1145	306	57	124	124	181	430	1269	1632	124	181	124	430
364	1145	307	57	123	123	180	430	1268	1632	123	180	123	430
365	1145	307	57	123	123	180	430	1268	1632	123	180	123	430
366	1145	306	57	124	124	181	430	1269	1632	124	181	124	430
367	1145	306	57	124	124	181	430	1269	1632	124	181	124	430
368	1145	305	57	125	125	182	430	1270	1632	125	182	125	430
369	1145	306	57	124	124	181	430	1269	1632	124	181	124	430
370	1145	305	57	125	125	182	430	1270	1632	125	182	125	430
371	1145	304	57	126	126	183	430	1271	1632	126	183	126	430
372	1145	305	57	125	125	182	430	1270	1632	125	182	125	430
373	1145	305	57	125	125	182	430	1270	1632	125	182	125	430
374	1145	306	57	124	124	181	430	1269	1632	124	181	124	430
375	1145	306	57	124	124	181	430	1269	1632	124	181	124	430
376	1145	304	57	126	126	183	430	1271	1632	126	183	126	430
377	1145	304	57	126	126	183	430	1271	1632	126	183	126	430
378	1144	304	58	126	126	184	430	1270	1632	126	184	126	430
379	1144	304	58	126	126	184	430	1270	1632	126	184	126	430
380	1144	304	58	126	126	184	430	1270	1632	126	184	126	430
381	1144	304	58	126	126	184	430	1270	1632	126	184	126	430
382	1144	304	58	126	126	184	430	1270	1632	126	184	126	430
383	1144	305	58	125	125	183	430	1269	1632	125	183	125	430
384	1144	304	58	126	126	184	430	1270	1632	126	184	126	430
385	1144	304	58	126	126	184	430	1270	1632	126	184	126	430
386	1144	304	58	126	126	184	430	1270	1632	126	184	126	430
387	1143	303	59	127	127	186	430	1270	1632	127	186	127	430
388	1143	303	59	127	127	186	430	1270	1632	127	186	127	430
389	1143	303	59	127	127	186	430	1270	1632	127	186	127	430
390	1143	303	59	127	127	186	430	1270	1632	127	186	127	430
391	1144	304	58	126	126	184	430	1270	1632	126	184	126	430
392	1143	303	59	127	127	186	430	1270	1632	127	186	127	430
393	1144	303	58	127	127	185	430	1271	1632	127	185	127	430
394	1143	303	59	127	127	186	430	1270	1632	127	186	127	430
395	1143	303	59	127	127	186	430	1270	1632	127	186	127	430
396	1143	304	59	126	126	185	430	1269	1632	126	185	126	430
397	1143	303	59	127	127	186	430	1270	1632	127	186	127	430
398	1143	303	59	127	127	186	430	1270	1632	127	186	127	430
399	1143	303	59	127	127	186	430	1270	1632	127	186	127	430
400	1143	303	59	127	127	186	430	1270	1632	127	186	127	430
401	1143	304	59	126	126	185	430	1269	1632	126	185	126	430
402	1143	303	59	127	127	186	430	1270	1632	127	186	127	430
403	1142	303	60	127	127	187	430	1269	1632	127	187	127	430
404	1142	303	60	127	127	187	430	1269	1632	127	187	127	430
405	1142	302	60	128	128	188	430	1270	1632	128	188	128	430
406	1142	302	60	128	128	188	430	1270	1632	128	188	128	430
407	1143	302	59	128	128	187	430	1271	1632	128	187	128	430
408	1143	302	59	128	128	187	430	1271	1632	128	187	128	430
409	1142	302	60	128	128	188	430	1270	1632	128	188	128	430
410	1141	302	61	128	128	189	430	1269	1632	128	189	128	430
411	1142	302	60	128	128	188	430	1270	1632	128	188	128	430
412	1142	302	60	128	128	188	430	1270	1632	128	188	128	430
413	1142	302	60	128	128	188	430	1270	1632	128	188	128	430
414	1142	302	60	128	128	188	430	1270	1632	128	188	128	430
415	1141	302	61	128	128	189	430	1269	1632	128	189	128	430
416	1141	302	61	128	128	189	430	1269	1632	128	189	128	430
417	1141	302	61	128	128	189	430	1269	1632	128	189	128	430
418	1141	302	61	128	128	189	430	1269	1632	128	189	128	430
419	1141	302	61	128	128	189	430	1269	1632	128	189	128	430
420	1141	301	61	129	129	190	430	1270	1632	129	190	129	430
421	1142	301	60	129	129	189	430	1271	1632	129	189	129	430
422	1141	301	61	129	129	190	430	1270	1632	129	190	129	430
423	1141	301	61	129	129	190	430	1270	1632	129	190	129	430
424	1140	301	62	129	129	191	430	1269	1632	129	191	129	430
425	1141	301	61	129	129	190	430	1270	1632	129	190	129	430
426	1140	301	62	129	129	191	430	1269	1632	129	191	129	430
427	1140	301	62	129	129	191	430	1269	1632	129	191	129	430
428	1140	301	62	129	129	191	430	1269	1632	129	191	129	430
429	1140	301	62	129	129	191	430	1269	1632	129	191	129	430
430	1141	300	61	130	130	191	430	1271	1632	130	191	130	430
431	1140	300	62	130	130	192	430	1270	1632	130	192	130	430
432	1140	301	62	129	129	191	430	1269	1632	129	191	129	430
433	1140	301	62	129	129	191	430	1269	1632	129	191	129	430
434	1140	301	62	129	129	191	430	1269	1632	129	191	129	430
435	1140	301	62	129	129	191	430	1269	1632	129	191	129	430
436	1140	301	62	129	129	191	430	1269	1632	129	191	129	430
437	1140	301	62	129	129	191	430	1269	1632	129	191	129	430
438	1140	301	62	129	129	191	430	1269	1632	129	191	129	430
439	1140	301	62	129	129	191	430	1269	1632	129	191	129	430
440	1140	301	62	129	129	191	430	1269	1632	129	191	129	430
441	1140	301	62	129	129	191	430	1269	1632	129	191	129	430
442	1140	300	62	130	130	192	430	1270	1632	130	192	130	430
443	1140	299	62	131	131	193	430	1271	1632	131	193	131	430
444	1140	299	62	131	131	193	430	1271	1632	131	193	131	430
445	1140	299	62	131	131	193	430	1271	1632	131	193	131	430
446	1140	299	62	131	131	193	430	1271	1632	131	193	131	430
447	1140	298	62	132	132	194	430	1272	1632	132	194	132	430
448	1140	298	62	132	132	194	430	1272	1632	132	194	132	430
449	1140	299	62	131	131	193	430	1271	1632	131	193	131	430
450	1140	298	62	132	132	194	430	1272	1632	132	194	132	430
451	1140	298	62	132	132	194	430	1272	1632	132	194	132	430
452	1140	298	62	132	132	194	430	1272	1632	132	194	132	430
453	1140	298	62	132	132	194	430	1272	1632	132	194	132	430
454	1140	298	62	132	132	194	430	1272	1632	132	194	132	430
455	1140	298	62	132	132	194	430	1272	1632	132	194	132	430
456	1139	298	63	132	132	195	430	1271	1632	132	195	132	430
457	1139	298	63	132	132	195	430	1271	1632	132	195	132	430
458	1139	298	63	132	132	195	430	1271	1632	132	195	132	430
459	1139	299	63	131	131	194	430	1270	1632	131	194	131	430
460	1139	298	63	132	132	195	430	1271	1632	132	195	132	430
461	1139	299	63	131	131	194	430	1270	1632	131	194	131	430
462	1139	298	63	132	132	195	430	1271	1632	132	195	132	430
463	1139	299	63	131	131	194	430	1270	1632	131	194	131	430
464	1139	299	63	131	131	194	430	1270	1632	131	194	131	430
465	1139	299	63	131	131	194	430	1270	1632	131	194	131	430
466	1139	299	63	131	131	194	430	1270	1632	131	194	131	430
467	1139	298	63	132	132	195	430	1271	1632	132	195	132	430
468	1139	298	63	132	132	195	430	1271	1632	132	195	132	430
469	1139	298	63	132	132	195	430	1271	1632	132	195	132	430
470	1139	298	63	132	132	195	430	1271	1632	132	195	132	430
471	1139	298	63	132	132	195	430	1271	1632	132	195	132	430
472	1139	297	63	133	133	196	430	1272	1632	133	196	133	430
473	1139	297	63	133	133	196	430	1272	1632	133	196	133	430
474	1139	297	63	133	133	196	430	1272	1632	133	196	133	430
475	1139	297	63	133	133	196	430	1272	1632	133	196	133	430
476	1139	296	63	134	134	197	430	1273	1632	134	197	134	430
477	1139	297	63	133	133	196	430	1272	1632	133	196	133	430
478	1139	296	63	134	134	197	430	1273	1632	134	197	134	430
479	1139	296	63	134	134	197	430	1273	1632	134	197	134	430
480	1139	295	63	135	135	198	430	1274	1632	135	198	135	430
481	1139	295	63	135	135	198	430	1274	1632	135	198	135	430
482	1139	295	63	135	135	198	430	1274	1632	135	198	135	430
483	1139	295	63	135	135	198	430	1274	1632	135	198	135	430
484	1139	295	63	135	135	198	430	1274	1632	135	198	135	430
485	1139	295	63	135	135	198	430	1274	1632	135	198	135	430
486	1139	295	63	135	135	198	430	1274	1632	135	198	135	430
487	1139	295	63	135	135	198	430	1274	1632	135	198	135	430
488	1138	294	64	136	136	200	430	1274	1632	136	200	136	430
489	1138	294	64	136	136	200	430	1274	1632	136	200	136	430
490	1138	294	64	136	136	200	430	1274	1632	136	200	136	430
491	1139	294	63	136	136	199	430	1275	1632	136	199	136	430
492	1138	294	64	136	136	200	430	1274	1632	136	200	136	430
493	1139	294	63	136	136	199	430	1275	1632	136	199	136	430
494	1139	294	63	136	136	199	430	1275	1632	136	199	136	430
495	1139	293	63	137	137	200	430	1276	1632	137	200	137	430
496	1139	292	63	138	138	201	430	1277	1632	138	201	138	430
497	1138	292	64	138	138	202	430	1276	1632	138	202	138	430
498	1138	292	64	138	138	202	430	1276	1632	138	202	138	430
499	1137	292	65	138	138	203	430	1275	1632	138	203	138	430
500	1137	292	65	138	138	203	430	1275	1632	138	203	138	430
501	1137	292	65	138	138	203	430	1275	1632	138	203	138	430
502	1137	292	65	138	138	203	430	1275	1632	138	203	138	430
503	1137	292	65	138	138	203	430	1275	1632	138	203	138	430
504	1137	291	65	139	139	204	430	1276	1632	139	204	139	430
505	1137	291	65	139	139	204	430	1276	1632	139	204	139	430
506	1137	292	65	138	138	203	430	1275	1632	138	203	138	430
507	1137	291	65	139	139	204	430	1276	1632	139	204	139	430
508	1137	291	65	139	139	204	430	1276	1632	139	204	139	430
509	1137	291	65	139	139	204	430	1276	1632	139	204	139	430
510	1137	290	65	140	140	205	430	1277	1632	140	205	140	430
511	1137	290	65	140	140	205	430	1277	1632	140	205	140	430
512	1137	290	65	140	140	205	430	1277	1632	140	205	140	430
513	1137	290	65	140	140	205	430	1277	1632	140	205	140	430
514	1136	290	66	140	140	206	430	1276	1632	140	206	140	430
515	1136	290	66	140	140	206	430	1276	1632	140	206	140	430
516	1136	290	66	140	140	206	430	1276	1632	140	206	140	430
517	1136	290	66	140	140	206	430	1276	1632	140	206	140	430
518	1136	290	66	140	140	206	430	1276	1632	140	206	140	430
519	1136	290	66	140	140	206	430	1276	1632	140	206	140	430
520	1136	290	66	140	140	206	430	1276	1632	140	206	140	430
521	1136	290	66	140	140	206	430	1276	1632	140	206	140	430
522	1136	290	66	140	140	206	430	1276	1632	140	206	140	430
523	1136	290	66	140	140	206	430	1276	1632	140	206	140	430
524	1135	290	67	140	140	207	430	1275	1632	140	207	140	430
525	1136	290	66	140	140	206	430	1276	1632	140	206	140	430
526	1135	290	67	140	140	207	430	1275	1632	140	207	140	430
527	1136	290	66	140	140	206	430	1276	1632	140	206	140	430
528	1136	290	66	140	140	206	430	1276	1632	140	206	140	430
529	1135	290	67	140	140	207	430	1275	1632	140	207	140	430
530	1135	290	67	140	140	207	430	1275	1632	140	207	140	430
531	1135	290	67	140	140	207	430	1275	1632	140	207	140	430
532	1135	290	67	140	140	207	430	1275	1632	140	207	140	430
533	1135	290	67	140	140	207	430	1275	1632	140	207	140	430
534	1135	290	67	140	140	207	430	1275	1632	140	207	140	430
535	1136	290	66	140	140	206	430	1276	1632	140	206	140	430
536	1136	290	66	140	140	206	430	1276	1632	140	206	140	430
537	1136	290	66	140	140	206	430	1276	1632	140	206	140	430
538	1135	290	67	140	140	207	430	1275	1632	140	207	140	430
539	1135	290	67	140	140	207	430	1275	1632	140	207	140	430
540	1135	290	67	140	140	207	430	1275	1632	140	207	140	430
541	1136	290	66	140	140	206	430	1276	1632	140	206	140	430
542	1135	290	67	140	140	207	430	1275	1632	140	207	140	430
543	1135	289	67	141	141	208	430	1276	1632	141	208	141	430
544	1135	289	67	141	141	208	430	1276	1632	141	208	141	430
545	1135	289	67	141	141	208	430	1276	1632	141	208	141	430
546	1136	289	66	141	141	207	430	1277	1632	141	207	141	430
547	1136	289	66	141	141	207	430	1277	1632	141	207	141	430
548	1136	288	66	142	142	208	430	1278	1632	142	208	142	430
549	1136	289	66	141	141	207	430	1277	1632	141	207	141	430
550	1135	289	67	141	141	208	430	1276	1632	141	208	141	430
551	1136	289	66	141	141	207	430	1277	1632	141	207	141	430
552	1135	287	67	143	143	210	430	1278	1632	143	210	143	430
553	1135	287	67	143	143	210	430	1278	1632	143	210	143	430
554	1135	287	67	143	143	210	430	1278	1632	143	210	143	430
555	1135	287	67	143	143	210	430	1278	1632	143	210	143	430
556	1136	287	66	143	143	209	430	1279	1632	143	209	143	430
557	1136	287	66	143	143	209	430	1279	1632	143	209	143	430
558	1135	287	67	143	143	210	430	1278	1632	143	210	143	430
559	1135	287	67	143	143	210	430	1278	1632	143	210	143	430
560	1135	287	67	143	143	210	430	1278	1632	143	210	143	430
561	1135	287	67	143	143	210	430	1278	1632	143	210	143	430
562	1135	287	67	143	143	210	430	1278	1632	143	210	143	430
563	1135	287	67	143	143	210	430	1278	1632	143	210	143	430
564	1135	287	67	143	143	210	430	1278	1632	143	210	143	430
565	1135	287	67	143	143	210	430	1278	1632	143	210	143	430
566	1136	287	66	143	143	209	430	1279	1632	143	209	143	430
567	1135	287	67	143	143	210	430	1278	1632	143	210	143	430
568	1135	287	67	143	143	210	430	1278	1632	143	210	143	430
569	1135	287	67	143	143	210	430	1278	1632	143	210	143	430
570	1136	287	66	143	143	209	430	1279	1632	143	209	143	430
571	1136	287	66	143	143	209	430	1279	1632	143	209	143	430
572	1136	288	66	142	142	208	430	1278	1632	142	208	142	430
573	1136	288	66	142	142	208	430	1278	1632	142	208	142	430
574	1136	288	66	142	142	208	430	1278	1632	142	208	142	430
575	1135	288	67	142	142	209	430	1277	1632	142	209	142	430
576	1135	287	67	143	143	210	430	1278	1632	143	210	143	430
577	1136	285	66	145	145	211	430	1281	1632	145	211	145	430
578	1136	285	66	145	145	211	430	1281	1632	145	211	145	430
579	1135	285	67	145	145	212	430	1280	1632	145	212	145	430
580	1135	285	67	145	145	212	430	1280	1632	145	212	145	430
581	1135	285	67	145	145	212	430	1280	1632	145	212	145	430
582	1135	285	67	145	145	212	430	1280	1632	145	212	145	430
583	1136	284	66	146	146	212	430	1282	1632	146	212	146	430
584	1135	284	67	146	146	213	430	1281	1632	146	213	146	430
585	1135	284	67	146	146	213	430	1281	1632	146	213	146	430
586	1135	284	67	146	146	213	430	1281	1632	146	213	146	430
587	1136	285	66	145	145	211	430	1281	1632	145	211	145	430
588	1135	284	67	146	146	213	430	1281	1632	146	213	146	430
589	1135	285	67	145	145	212	430	1280	1632	145	212	145	430
590	1135	285	67	145	145	212	430	1280	1632	145	212	145	430
591	1134	285	68	145	145	213	430	1279	1632	145	213	145	430
592	1134	284	68	146	146	214	430	1280	1632	146	214	146	430
593	1135	285	67	145	145	212	430	1280	1632	145	212	145	430
594	1135	285	67	145	145	212	430	1280	1632	145	212	145	430
595	1135	285	67	145	145	212	430	1280	1632	145	212	145	430
596	1135	285	67	145	145	212	430	1280	1632	145	212	145	430
597	1134	284	68	146	146	214	430	1280	1632	146	214	146	430
598	1134	284	68	146	146	214	430	1280	1632	146	214	146	430
599	1134	284	68	146	146	214	430	1280	1632	146	214	146	430
600	1134	284	68	146	146	214	430	1280	1632	146	214	146	430
601	1134	284	68	146	146	214	430	1280	1632	146	214	146	430
602	1134	284	68	146	146	214	430	1280	1632	146	214	146	430
603	1134	284	68	146	146	214	430	1280	1632	146	214	146	430
604	1134	284	68	146	146	214	430	1280	1632	146	214	146	430
605	1134	284	68	146	146	214	430	1280	1632	146	214	146	430
606	1134	284	68	146	146	214	430	1280	1632	146	214	146	430
607	1133	284	69	146	146	215	430	1279	1632	146	215	146	430
608	1133	284	69	146	146	215	430	1279	1632	146	215	146	430
609	1133	283	69	147	147	216	430	1280	1632	147	216	147	430
610	1133	283	69	147	147	216	430	1280	1632	147	216	147	430
611	1133	283	69	147	147	216	430	1280	1632	147	216	147	430
612	1133	282	69	148	148	217	430	1281	1632	148	217	148	430
613	1133	282	69	148	148	217	430	1281	1632	148	217	148	430
614	1133	282	69	148	148	217	430	1281	1632	148	217	148	430
615	1133	282	69	148	148	217	430	1281	1632	148	217	148	430
616	1133	282	69	148	148	217	430	1281	1632	148	217	148	430
617	1133	282	69	148	148	217	430	1281	1632	148	217	148	430
618	1133	282	69	148	148	217	430	1281	1632	148	217	148	430
619	1133	282	69	148	148	217	430	1281	1632	148	217	148	430
620	1133	282	69	148	148	217	430	1281	1632	148	217	148	430
621	1133	282	69	148	148	217	430	1281	1632	148	217	148	430
622	1133	282	69	148	148	217	430	1281	1632	148	217	148	430
623	1133	282	69	148	148	217	430	1281	1632	148	217	148	430
624	1133	282	69	148	148	217	430	1281	1632	148	217	148	430
625	1132	282	70	148	148	218	430	1280	1632	148	218	148	430
626	1132	282	70	148	148	218	430	1280	1632	148	218	148	430
627	1133	282	69	148	148	217	430	1281	1632	148	217	148	430
628	1133	282	69	148	148	217	430	1281	1632	148	217	148	430
629	1133	282	69	148	148	217	430	1281	1632	148	217	148	430
630	1133	282	69	148	148	217	430	1281	1632	148	217	148	430
631	1133	282	69	148	148	217	430	1281	1632	148	217	148	430
632	1133	282	69	148	148	217	430	1281	1632	148	217	148	430
633	1133	281	69	149	149	218	430	1282	1632	149	218	149	430
634	1133	282	69	148	148	217	430	1281	1632	148	217	148	430
635	1133	281	69	149	149	218	430	1282	1632	149	218	149	430
636	1133	282	69	148	148	217	430	1281	1632	148	217	148	430
637	1133	281	69	149	149	218	430	1282	1632	149	218	149	430
638	1133	281	69	149	149	218	430	1282	1632	149	218	149	430
639	1133	281	69	149	149	218	430	1282	1632	149	218	149	430
640	1133	282	69	148	148	217	430	1281	1632	148	217	148	430
641	1133	281	69	149	149	218	430	1282	1632	149	218	149	430
642	1133	281	69	149	149	218	430	1282	1632	149	218	149	430
643	1132	281	70	149	149	219	430	1281	1632	149	219	149	430
644	1132	281	70	149	149	219	430	1281	1632	149	219	149	430
645	1132	281	70	149	149	219	430	1281	1632	149	219	149	430
646	1132	281	70	149	149	219	430	1281	1632	149	219	149	430
647	1132	281	70	149	149	219	430	1281	1632	149	219	149	430
648	1132	281	70	149	149	219	430	1281	1632	149	219	149	430
649	1131	281	71	149	149	220	430	1280	1632	149	220	149	430
650	1131	281	71	149	149	220	430	1280	1632	149	220	149	430
651	1132	281	70	149	149	219	430	1281	1632	149	219	149	430
652	1132	281	70	149	149	219	430	1281	1632	149	219	149	430
653	1132	281	70	149	149	219	430	1281	1632	149	219	149	430
654	1132	281	70	149	149	219	430	1281	1632	149	219	149	430
655	1132	281	70	149	149	219	430	1281	1632	149	219	149	430
656	1131	281	71	149	149	220	430	1280	1632	149	220	149	430
657	1131	281	71	149	149	220	430	1280	1632	149	220	149	430
658	1131	281	71	149	149	220	430	1280	1632	149	220	149	430
659	1131	281	71	149	149	220	430	1280	1632	149	220	149	430
660	1131	281	71	149	149	220	430	1280	1632	149	220	149	430
661	1131	281	71	149	149	220	430	1280	1632	149	220	149	430
662	1131	281	71	149	149	220	430	1280	1632	149	220	149	430
663	1131	281	71	149	149	220	430	1280	1632	149	220	149	430
664	1131	280	71	150	150	221	430	1281	1632	150	221	150	430
665	1131	280	71	150	150	221	430	1281	1632	150	221	150	430
666	1131	279	71	151	151	222	430	1282	1632	151	222	151	430
667	1131	279	71	151	151	222	430	1282	1632	151	222	151	430
668	1131	280	71	150	150	221	430	1281	1632	150	221	150	430
669	1131	279	71	151	151	222	430	1282	1632	151	222	151	430
670	1131	279	71	151	151	222	430	1282	1632	151	222	151	430
671	1131	279	71	151	151	222	430	1282	1632	151	222	151	430
672	1131	279	71	151	151	222	430	1282	1632	151	222	151	430
673	1131	279	71	151	151	222	430	1282	1632	151	222	151	430
674	1131	279	71	151	151	222	430	1282	1632	151	222	151	430
675	1130	279	72	151	151	223	430	1281	1632	151	223	151	430
676	1130	279	72	151	151	223	430	1281	1632	151	223	151	430
677	1130	279	72	151	151	223	430	1281	1632	151	223	151	430
678	1129	279	73	151	151	224	430	1280	1632	151	224	151	430
679	1129	277	73	153	153	226	430	1282	1632	153	226	153	430
680	1129	277	73	153	153	226	430	1282	1632	153	226	153	430
681	1128	277	74	153	153	227	430	1281	1632	153	227	153	430
682	1129	277	73	153	153	226	430	1282	1632	153	226	153	430
683	1129	277	73	153	153	226	430	1282	1632	153	226	153	430
684	1129	277	73	153	153	226	430	1282	1632	153	226	153	430
685	1129	277	73	153	153	226	430	1282	1632	153	226	153	430
686	1129	277	73	153	153	226	430	1282	1632	153	226	153	430
687	1128	277	74	153	153	227	430	1281	1632	153	227	153	430
688	1130	277	72	153	153	225	430	1283	1632	153	225	153	430
689	1129	277	73	153	153	226	430	1282	1632	153	226	153	430
690	1128	277	74	153	153	227	430	1281	1632	153	227	153	430
691	1128	277	74	153	153	227	430	1281	1632	153	227	153	430
692	1128	277	74	153	153	227	430	1281	1632	153	227	153	430
693	1129	277	73	153	153	226	430	1282	1632	153	226	153	430
694	1129	277	73	153	153	226	430	1282	1632	153	226	153	430
695	1129	277	73	153	153	226	430	1282	1632	153	226	153	430
696	1129	276	73	154	154	227	430	1283	1632	154	227	154	430
697	1129	275	73	155	155	228	430	1284	1632	155	228	155	430
698	1129	275	73	155	155	228	430	1284	1632	155	228	155	430
699	1129	275	73	155	155	228	430	1284	1632	155	228	155	430
700	1128	275	74	155	155	229	430	1283	1632	155	229	155	430
701	1128	275	74	155	155	229	430	1283	1632	155	229	155	430
702	1129	275	73	155	155	228	430	1284	1632	155	228	155	430
703	1129	274	73	156	156	229	430	1285	1632	156	229	156	430
704	1129	274	73	156	156	229	430	1285	1632	156	229	156	430
705	1129	274	73	156	156	229	430	1285	1632	156	229	156	430
706	1130	274	72	156	156	228	430	1286	1632	156	228	156	430
707	1130	274	72	156	156	228	430	1286	1632	156	228	156	430
708	1130	274	72	156	156	228	430	1286	1632	156	228	156	430
709	1130	275	72	155	155	227	430	1285	1632	155	227	155	430
710	1130	275	72	155	155	227	430	1285	1632	155	227	155	430
711	1130	275	72	155	155	227	430	1285	1632	155	227	155	430
712	1130	275	72	155	155	227	430	1285	1632	155	227	155	430
713	1130	275	72	155	155	227	430	1285	1632	155	227	155	430
714	1130	274	72	156	156	228	430	1286	1632	156	228	156	430
715	1130	274	72	156	156	228	430	1286	1632	156	228	156	430
716	1130	274	72	156	156	228	430	1286	1632	156	228	156	430
717	1130	274	72	156	156	228	430	1286	1632	156	228	156	430
718	1130	275	72	155	155	227	430	1285	1632	155	227	155	430
719	1130	274	72	156	156	228	430	1286	1632	156	228	156	430
720	1130	274	72	156	156	228	430	1286	1632	156	228	156	430
721	1130	274	72	156	156	228	430	1286	1632	156	228	156	430
722	1129	274	73	156	156	229	430	1285	1632	156	229	156	430
723	1129	274	73	156	156	229	430	1285	1632	156	229	156	430
724	1129	274	73	156	156	229	430	1285	1632	156	229	156	430
725	1129	273	73	157	157	230	430	1286	1632	157	230	157	430
726	1129	273	73	157	157	230	430	1286	1632	157	230	157	430
727	1129	273	73	157	157	230	430	1286	1632	157	230	157	430
728	1129	274	73	156	156	229	430	1285	1632	156	229	156	430
729	1129	274	73	156	156	229	430	1285	1632	156	229	156	430
730	1129	273	73	157	157	230	430	1286	1632	157	230	157	430
731	1129	273	73	157	157	230	430	1286	1632	157	230	157	430
732	1129	273	73	157	157	230	430	1286	1632	157	230	157	430
733	1129	273	73	157	157	230	430	1286	1632	157	230	157	430
734	1129	273	73	157	157	230	430	1286	1632	157	230	157	430
735	1129	273	73	157	157	230	430	1286	1632	157	230	157	430
736	1130	273	72	157	157	229	430	1287	1632	157	229	157	430
737	1131	273	71	157	157	228	430	1288	1632	157	228	157	430
738	1129	273	73	157	157	230	430	1286	1632	157	230	157	430
739	1130	273	72	157	157	229	430	1287	1632	157	229	157	430
740	1130	273	72	157	157	229	430	1287	1632	157	229	157	430
741	1130	273	72	157	157	229	430	1287	1632	157	229	157	430
742	1130	273	72	157	157	229	430	1287	1632	157	229	157	430
743	1130	273	72	157	157	229	430	1287	1632	157	229	157	430
744	1130	273	72	157	157	229	430	1287	1632	157	229	157	430
745	1130	273	72	157	157	229	430	1287	1632	157	229	157	430
746	1130	272	72	158	158	230	430	1288	1632	158	230	158	430
747	1130	272	72	158	158	230	430	1288	1632	158	230	158	430
748	1130	272	72	158	158	230	430	1288	1632	158	230	158	430
749	1130	272	72	158	158	230	430	1288	1632	158	230	158	430
750	1130	272	72	158	158	230	430	1288	1632	158	230	158	430
751	1130	272	72	158	158	230	430	1288	1632	158	230	158	430
752	1130	272	72	158	158	230	430	1288	1632	158	230	158	430
753	1130	273	72	157	157	229	430	1287	1632	157	229	157	430
754	1130	273	72	157	157	229	430	1287	1632	157	229	157	430
755	1130	273	72	157	157	229	430	1287	1632	157	229	157	430
756	1130	273	72	157	157	229	430	1287	1632	157	229	157	430
757	1130	273	72	157	157	229	430	1287	1632	157	229	157	430
758	1129	273	73	157	157	230	430	1286	1632	157	230	157	430
759	1130	273	72	157	157	229	430	1287	1632	157	229	157	430
760	1130	273	72	157	157	229	430	1287	1632	157	229	157	430
761	1130	273	72	157	157	229	430	1287	1632	157	229	157	430
762	1130	274	72	156	156	228	430	1286	1632	156	228	156	430
763	1129	274	73	156	156	229	430	1285	1632	156	229	156	430
764	1129	274	73	156	156	229	430	1285	1632	156	229	156	430
765	1129	274	73	156	156	229	430	1285	1632	156	229	156	430
766	1129	274	73	156	156	229	430	1285	1632	156	229	156	430
767	1129	274	73	156	156	229	430	1285	1632	156	229	156	430
768	1129	274	73	156	156	229	430	1285	1632	156	229	156	430
769	1129	274	73	156	156	229	430	1285	1632	156	229	156	430
770	1129	272	73	158	158	231	430	1287	1632	158	231	158	430
771	1129	272	73	158	158	231	430	1287	1632	158	231	158	430
772	1129	272	73	158	158	231	430	1287	1632	158	231	158	430
773	1129	272	73	158	158	231	430	1287	1632	158	231	158	430
774	1129	272	73	158	158	231	430	1287	1632	158	231	158	430
775	1129	272	73	158	158	231	430	1287	1632	158	231	158	430
776	1129	272	73	158	158	231	430	1287	1632	158	231	158	430
777	1129	271	73	159	159	232	430	1288	1632	159	232	159	430
778	1129	272	73	158	158	231	430	1287	1632	158	231	158	430
779	1129	272	73	158	158	231	430	1287	1632	158	231	158	430
780	1129	272	73	158	158	231	430	1287	1632	158	231	158	430
781	1129	272	73	158	158	231	430	1287	1632	158	231	158	430
782	1129	272	73	158	158	231	430	1287	1632	158	231	158	430
783	1128	272	74	158	158	232	430	1286	1632	158	232	158	430
784	1129	272	73	158	158	231	430	1287	1632	158	231	158	430
785	1129	272	73	158	158	231	430	1287	1632	158	231	158	430
786	1129	272	73	158	158	231	430	1287	1632	158	231	158	430
787	1129	272	73	158	158	231	430	1287	1632	158	231	158	430
788	1129	272	73	158	158	231	430	1287	1632	158	231	158	430
789	1129	272	73	158	158	231	430	1287	1632	158	231	158	430
790	1129	273	73	157	157	230	430	1286	1632	157	230	157	430
791	1130	273	72	157	157	229	430	1287	1632	157	229	157	430
792	1130	273	72	157	157	229	430	1287	1632	157	229	157	430
793	1130	273	72	157	157	229	430	1287	1632	157	229	157	430
794	1130	273	72	157	157	229	430	1287	1632	157	229	157	430
795	1129	273	73	157	157	230	430	1286	1632	157	230	157	430
796	1130	273	72	157	157	229	430	1287	1632	157	229	157	430
797	1129	273	73	157	157	230	430	1286	1632	157	230	157	430
798	1130	272	72	158	158	230	430	1288	1632	158	230	158	430
799	1130	272	72	158	158	230	430	1288	1632	158	230	158	430
800	1130	272	72	158	158	230	430	1288	1632	158	230	158	430
801	1130	272	72	158	158	230	430	1288	1632	158	230	158	430
802	1130	272	72	158	158	230	430	1288	1632	158	230	158	430
803	1130	272	72	158	158	230	430	1288	1632	158	230	158	430
804	1130	272	72	158	158	230	430	1288	1632	158	230	158	430
805	1129	272	73	158	158	231	430	1287	1632	158	231	158	430
806	1128	271	74	159	159	233	430	1287	1632	159	233	159	430
807	1128	271	74	159	159	233	430	1287	1632	159	233	159	430
808	1127	271	75	159	159	234	430	1286	1632	159	234	159	430
809	1127	271	75	159	159	234	430	1286	1632	159	234	159	430
810	1127	271	75	159	159	234	430	1286	1632	159	234	159	430
811	1129	271	73	159	159	232	430	1288	1632	159	232	159	430
812	1129	271	73	159	159	232	430	1288	1632	159	232	159	430
813	1129	271	73	159	159	232	430	1288	1632	159	232	159	430
814	1128	271	74	159	159	233	430	1287	1632	159	233	159	430
815	1128	271	74	159	159	233	430	1287	1632	159	233	159	430
816	1128	271	74	159	159	233	430	1287	1632	159	233	159	430
817	1128	270	74	160	160	234	430	1288	1632	160	234	160	430
818	1128	270	74	160	160	234	430	1288	1632	160	234	160	430
819	1128	270	74	160	160	234	430	1288	1632	160	234	160	430
820	1128	270	74	160	160	234	430	1288	1632	160	234	160	430
821	1128	270	74	160	160	234	430	1288	1632	160	234	160	430
822	1128	270	74	160	160	234	430	1288	1632	160	234	160	430
823	1128	270	74	160	160	234	430	1288	1632	160	234	160	430
824	1127	270	75	160	160	235	430	1287	1632	160	235	160	430
825	1127	270	75	160	160	235	430	1287	1632	160	235	160	430
826	1126	269	76	161	161	237	430	1287	1632	161	237	161	430
827	1127	269	75	161	161	236	430	1288	1632	161	236	161	430
828	1127	269	75	161	161	236	430	1288	1632	161	236	161	430
829	1127	269	75	161	161	236	430	1288	1632	161	236	161	430
830	1127	269	75	161	161	236	430	1288	1632	161	236	161	430
831	1127	269	75	161	161	236	430	1288	1632	161	236	161	430
832	1127	268	75	162	162	237	430	1289	1632	162	237	162	430
833	1127	268	75	162	162	237	430	1289	1632	162	237	162	430
834	1127	268	75	162	162	237	430	1289	1632	162	237	162	430
835	1127	268	75	162	162	237	430	1289	1632	162	237	162	430
836	1127	268	75	162	162	237	430	1289	1632	162	237	162	430
837	1127	268	75	162	162	237	430	1289	1632	162	237	162	430
838	1127	268	75	162	162	237	430	1289	1632	162	237	162	430
839	1128	268	74	162	162	236	430	1290	1632	162	236	162	430
840	1128	268	74	162	162	236	430	1290	1632	162	236	162	430
841	1127	268	75	162	162	237	430	1289	1632	162	237	162	430
842	1127	268	75	162	162	237	430	1289	1632	162	237	162	430
843	1128	268	74	162	162	236	430	1290	1632	162	236	162	430
844	1128	268	74	162	162	236	430	1290	1632	162	236	162	430
845	1128	268	74	162	162	236	430	1290	1632	162	236	162	430
846	1128	268	74	162	162	236	430	1290	1632	162	236	162	430
847	1128	268	74	162	162	236	430	1290	1632	162	236	162	430
848	1128	268	74	162	162	236	430	1290	1632	162	236	162	430
849	1128	268	74	162	162	236	430	1290	1632	162	236	162	430
850	1129	268	73	162	162	235	430	1291	1632	162	235	162	430
851	1129	268	73	162	162	235	430	1291	1632	162	235	162	430
852	1129	266	73	164	164	237	430	1293	1632	164	237	164	430
853	1129	266	73	164	164	237	430	1293	1632	164	237	164	430
854	1129	266	73	164	164	237	430	1293	1632	164	237	164	430
855	1129	266	73	164	164	237	430	1293	1632	164	237	164	430
856	1128	266	74	164	164	238	430	1292	1632	164	238	164	430
857	1128	266	74	164	164	238	430	1292	1632	164	238	164	430
858	1128	266	74	164	164	238	430	1292	1632	164	238	164	430
859	1128	266	74	164	164	238	430	1292	1632	164	238	164	430
860	1128	266	74	164	164	238	430	1292	1632	164	238	164	430
861	1128	266	74	164	164	238	430	1292	1632	164	238	164	430
862	1127	266	75	164	164	239	430	1291	1632	164	239	164	430
863	1128	266	74	164	164	238	430	1292	1632	164	238	164	430
864	1128	266	74	164	164	238	430	1292	1632	164	238	164	430
865	1128	266	74	164	164	238	430	1292	1632	164	238	164	430
866	1128	266	74	164	164	238	430	1292	1632	164	238	164	430
867	1128	266	74	164	164	238	430	1292	1632	164	238	164	430
868	1128	266	74	164	164	238	430	1292	1632	164	238	164	430
869	1128	266	74	164	164	238	430	1292	1632	164	238	164	430
870	1128	266	74	164	164	238	430	1292	1632	164	238	164	430
871	1128	266	74	164	164	238	430	1292	1632	164	238	164	430
872	1128	266	74	164	164	238	430	1292	1632	164	238	164	430
873	1128	266	74	164	164	238	430	1292	1632	164	238	164	430
874	1128	266	74	164	164	238	430	1292	1632	164	238	164	430
875	1128	266	74	164	164	238	430	1292	1632	164	238	164	430
876	1128	266	74	164	164	238	430	1292	1632	164	238	164	430
877	1128	266	74	164	164	238	430	1292	1632	164	238	164	430
878	1127	266	75	164	164	239	430	1291	1632	164	239	164	430
879	1127	266	75	164	164	239	430	1291	1632	164	239	164	430
880	1127	266	75	164	164	239	430	1291	1632	164	239	164	430
881	1127	266	75	164	164	239	430	1291	1632	164	239	164	430
882	1127	266	75	164	164	239	430	1291	1632	164	239	164	430
883	1127	266	75	164	164	239	430	1291	1632	164	239	164	430
884	1127	266	75	164	164	239	430	1291	1632	164	239	164	430
885	1127	266	75	164	164	239	430	1291	1632	164	239	164	430
886	1128	266	74	164	164	238	430	1292	1632	164	238	164	430
887	1128	266	74	164	164	238	430	1292	1632	164	238	164	430
888	1128	266	74	164	164	238	430	1292	1632	164	238	164	430
889	1128	266	74	164	164	238	430	1292	1632	164	238	164	430
890	1128	266	74	164	164	238	430	1292	1632	164	238	164	430
891	1128	266	74	164	164	238	430	1292	1632	164	238	164	430
892	1127	266	75	164	164	239	430	1291	1632	164	239	164	430
893	1126	266	76	164	164	240	430	1290	1632	164	240	164	430
894	1126	266	76	164	164	240	430	1290	1632	164	240	164	430
895	1127	266	75	164	164	239	430	1291	1632	164	239	164	430
896	1127	266	75	164	164	239	430	1291	1632	164	239	164	430
897	1126	266	76	164	164	240	430	1290	1632	164	240	164	430
898	1126	266	76	164	164	240	430	1290	1632	164	240	164	430
899	1126	266	76	164	164	240	430	1290	1632	164	240	164	430
900	1127	266	75	164	164	239	430	1291	1632	164	239	164	430
901	1127	266	75	164	164	239	430	1291	1632	164	239	164	430
902	1126	266	76	164	164	240	430	1290	1632	164	240	164	430
903	1126	266	76	164	164	240	430	1290	1632	164	240	164	430
904	1126	266	76	164	164	240	430	1290	1632	164	240	164	430
905	1126	266	76	164	164	240	430	1290	1632	164	240	164	430
906	1126	266	76	164	164	240	430	1290	1632	164	240	164	430
907	1126	266	76	164	164	240	430	1290	1632	164	240	164	430
908	1126	266	76	164	164	240	430	1290	1632	164	240	164	430
909	1127	266	75	164	164	239	430	1291	1632	164	239	164	430
910	1126	266	76	164	164	240	430	1290	1632	164	240	164	430
911	1126	266	76	164	164	240	430	1290	1632	164	240	164	430
912	1126	266	76	164	164	240	430	1290	1632	164	240	164	430
913	1126	266	76	164	164	240	430	1290	1632	164	240	164	430
914	1126	266	76	164	164	240	430	1290	1632	164	240	164	430
915	1126	266	76	164	164	240	430	1290	1632	164	240	164	430
916	1126	266	76	164	164	240	430	1290	1632	164	240	164	430
917	1126	266	76	164	164	240	430	1290	1632	164	240	164	430
918	1126	266	76	164	164	240	430	1290	1632	164	240	164	430
919	1126	266	76	164	164	240	430	1290	1632	164	240	164	430
920	1126	265	76	165	165	241	430	1291	1632	165	241	165	430
921	1126	265	76	165	165	241	430	1291	1632	165	241	165	430
922	1127	265	75	165	165	240	430	1292	1632	165	240	165	430
923	1127	265	75	165	165	240	430	1292	1632	165	240	165	430
924	1127	265	75	165	165	240	430	1292	1632	165	240	165	430
925	1127	265	75	165	165	240	430	1292	1632	165	240	165	430
926	1127	265	75	165	165	240	430	1292	1632	165	240	165	430
927	1127	265	75	165	165	240	430	1292	1632	165	240	165	430
928	1127	265	75	165	165	240	430	1292	1632	165	240	165	430
929	1127	265	75	165	165	240	430	1292	1632	165	240	165	430
930	1127	265	75	165	165	240	430	1292	1632	165	240	165	430
931	1127	265	75	165	165	240	430	1292	1632	165	240	165	430
932	1127	265	75	165	165	240	430	1292	1632	165	240	165	430
933	1127	265	75	165	165	240	430	1292	1632	165	240	165	430
934	1127	265	75	165	165	240	430	1292	1632	165	240	165	430
935	1127	265	75	165	165	240	430	1292	1632	165	240	165	430
936	1127	265	75	165	165	240	430	1292	1632	165	240	165	430
937	1127	265	75	165	165	240	430	1292	1632	165	240	165	430
938	1127	265	75	165	165	240	430	1292	1632	165	240	165	430
939	1127	265	75	165	165	240	430	1292	1632	165	240	165	430
940	1127	265	75	165	165	240	430	1292	1632	165	240	165	430
941	1127	265	75	165	165	240	430	1292	1632	165	240	165	430
942	1127	265	75	165	165	240	430	1292	1632	165	240	165	430
943	1128	265	74	165	165	239	430	1293	1632	165	239	165	430
944	1128	265	74	165	165	239	430	1293	1632	165	239	165	430
945	1127	265	75	165	165	240	430	1292	1632	165	240	165	430
946	1127	265	75	165	165	240	430	1292	1632	165	240	165	430
947	1128	265	74	165	165	239	430	1293	1632	165	239	165	430
948	1128	265	74	165	165	239	430	1293	1632	165	239	165	430
949	1128	265	74	165	165	239	430	1293	1632	165	239	165	430
950	1128	265	74	165	165	239	430	1293	1632	165	239	165	430
951	1128	265	74	165	165	239	430	1293	1632	165	239	165	430
952	1128	265	74	165	165	239	430	1293	1632	165	239	165	430
953	1128	265	74	165	165	239	430	1293	1632	165	239	165	430
954	1128	265	74	165	165	239	430	1293	1632	165	239	165	430
955	1128	265	74	165	165	239	430	1293	1632	165	239	165	430
956	1128	265	74	165	165	239	430	1293	1632	165	239	165	430
957	1128	265	74	165	165	239	430	1293	1632	165	239	165	430
958	1128	265	74	165	165	239	430	1293	1632	165	239	165	430
959	1128	265	74	165	165	239	430	1293	1632	165	239	165	430
960	1128	265	74	165	165	239	430	1293	1632	165	239	165	430
961	1128	265	74	165	165	239	430	1293	1632	165	239	165	430
962	1128	265	74	165	165	239	430	1293	1632	165	239	165	430
963	1128	265	74	165	165	239	430	1293	1632	165	239	165	430
964	1129	265	73	165	165	238	430	1294	1632	165	238	165	430
965	1129	265	73	165	165	238	430	1294	1632	165	238	165	430
966	1129	265	73	165	165	238	430	1294	1632	165	238	165	430
967	1129	265	73	165	165	238	430	1294	1632	165	238	165	430
968	1128	265	74	165	165	239	430	1293	1632	165	239	165	430
969	1129	265	73	165	165	238	430	1294	1632	165	238	165	430
970	1129	265	73	165	165	238	430	1294	1632	165	238	165	430
971	1129	265	73	165	165	238	430	1294	1632	165	238	165	430
972	1128	265	74	165	165	239	430	1293	1632	165	239	165	430
973	1128	265	74	165	165	239	430	1293	1632	165	239	165	430
974	1128	265	74	165	165	239	430	1293	1632	165	239	165	430
975	1128	265	74	165	165	239	430	1293	1632	165	239	165	430
976	1128	265	74	165	165	239	430	1293	1632	165	239	165	430
977	1128	265	74	165	165	239	430	1293	1632	165	239	165	430
978	1128	265	74	165	165	239	430	1293	1632	165	239	165	430
979	1128	265	74	165	165	239	430	1293	1632	165	239	165	430
980	1128	265	74	165	165	239	430	1293	1632	165	239	165	430
981	1128	265	74	165	165	239	430	1293	1632	165	239	165	430
982	1129	265	73	165	165	238	430	1294	1632	165	238	165	430
983	1129	265	73	165	165	238	430	1294	1632	165	238	165	430
984	1129	265	73	165	165	238	430	1294	1632	165	238	165	430
985	1129	265	73	165	165	238	430	1294	1632	165	238	165	430
986	1129	265	73	165	165	238	430	1294	1632	165	238	165	430
987	1129	265	73	165	165	238	430	1294	1632	165	238	165	430
988	1129	265	73	165	165	238	430	1294	1632	165	238	165	430
989	1128	265	74	165	165	239	430	1293	1632	165	239	165	430
990	1129	265	73	165	165	238	430	1294	1632	165	238	165	430
991	1129	265	73	165	165	238	430	1294	1632	165	238	165	430
992	1130	265	72	165	165	237	430	1295	1632	165	237	165	430
993	1129	265	73	165	165	238	430	1294	1632	165	238	165	430
994	1129	265	73	165	165	238	430	1294	1632	165	238	165	430
995	1129	265	73	165	165	238	430	1294	1632	165	238	165	430
996	1129	265	73	165	165	238	430	1294	1632	165	238	165	430
997	1129	265	73	165	165	238	430	1294	1632	165	238	165	430
998	1129	265	73	165	165	238	430	1294	1632	165	238	165	430
999	1129	265	73	165	165	238	430	1294	1632	165	238	165	430
1000	1129	265	73	165	165	238	430	1294	1632	165	238	165	430
1001	1128	265	74	165	165	239	430	1293	1632	165	239	165	430
1002	1127	265	75	165	165	240	430	1292	1632	165	240	165	430
1003	1127	265	75	165	165	240	430	1292	1632	165	240	165	430
1004	1127	265	75	165	165	240	430	1292	1632	165	240	165	430
1005	1127	265	75	165	165	240	430	1292	1632	165	240	165	430
1006	1127	265	75	165	165	240	430	1292	1632	165	240	165	430
1007	1127	265	75	165	165	240	430	1292	1632	165	240	165	430
1008	1128	266	74	164	164	238	430	1292	1632	164	238	164	430
1009	1128	266	74	164	164	238	430	1292	1632	164	238	164	430
1010	1128	265	74	165	165	239	430	1293	1632	165	239	165	430
1011	1127	265	75	165	165	240	430	1292	1632	165	240	165	430
1012	1127	265	75	165	165	240	430	1292	1632	165	240	165	430
1013	1127	265	75	165	165	240	430	1292	1632	165	240	165	430
1014	1127	265	75	165	165	240	430	1292	1632	165	240	165	430
1015	1127	265	75	165	165	240	430	1292	1632	165	240	165	430
1016	1127	265	75	165	165	240	430	1292	1632	165	240	165	430
1017	1127	266	75	164	164	239	430	1291	1632	164	239	164	430
1018	1127	265	75	165	165	240	430	1292	1632	165	240	165	430
1019	1127	266	75	164	164	239	430	1291	1632	164	239	164	430
1020	1127	266	75	164	164	239	430	1291	1632	164	239	164	430
1021	1127	265	75	165	165	240	430	1292	1632	165	240	165	430
1022	1126	266	76	164	164	240	430	1290	1632	164	240	164	430
1023	1126	266	76	164	164	240	430	1290	1632	164	240	164	430
1024	1126	266	76	164	164	240	430	1290	1632	164	240	164	430
1025	1126	266	76	164	164	240	430	1290	1632	164	240	164	430
1026	1126	266	76	164	164	240	430	1290	1632	164	240	164	430
1027	1127	266	75	164	164	239	430	1291	1632	164	239	164	430
1028	1127	267	75	163	163	238	430	1290	1632	163	238	163	430
1029	1126	267	76	163	163	239	430	1289	1632	163	239	163	430
1030	1126	267	76	163	163	239	430	1289	1632	163	239	163	430
1031	1126	267	76	163	163	239	430	1289	1632	163	239	163	430
1032	1126	267	76	163	163	239	430	1289	1632	163	239	163	430
1033	1126	266	76	164	164	240	430	1290	1632	164	240	164	430
1034	1126	266	76	164	164	240	430	1290	1632	164	240	164	430
1035	1126	266	76	164	164	240	430	1290	1632	164	240	164	430
1036	1126	266	76	164	164	240	430	1290	1632	164	240	164	430
1037	1126	266	76	164	164	240	430	1290	1632	164	240	164	430
1038	1126	266	76	164	164	240	430	1290	1632	164	240	164	430
1039	1126	266	76	164	164	240	430	1290	1632	164	240	164	430
1040	1126	266	76	164	164	240	430	1290	1632	164	240	164	430
1041	1126	267	76	163	163	239	430	1289	1632	163	239	163	430
1042	1126	267	76	163	163	239	430	1289	1632	163	239	163	430
1043	1126	267	76	163	163	239	430	1289	1632	163	239	163	430
1044	1126	267	76	163	163	239	430	1289	1632	163	239	163	430
1045	1126	268	76	162	162	238	430	1288	1632	162	238	162	430
1046	1126	268	76	162	162	238	430	1288	1632	162	238	162	430
1047	1126	268	76	162	162	238	430	1288	1632	162	238	162	430
1048	1127	268	75	162	162	237	430	1289	1632	162	237	162	430
1049	1127	267	75	163	163	238	430	1290	1632	163	238	163	430
1050	1127	267	75	163	163	238	430	1290	1632	163	238	163	430
1051	1127	266	75	164	164	239	430	1291	1632	164	239	164	430
1052	1127	265	75	165	165	240	430	1292	1632	165	240	165	430
